exercice_de_la_premiere_decision;famille_de_procedure_du_dossier;dossier;beneficiaire;type_de_tiers;commission;montant_vote;localisation_projet;montant_vote_par_localisation;pourcentage_de_la_localisation;adresse_administrative_du_tiers_beneficiaire;adresse_administrative_code_postal_du_tiers_beneficiaire;adresse_administrative_ville_du_tiers_beneficiaire;adresse_administrative_code_departement_du_tiers_beneficiaire;wgs84
2012;Subventions spécifiques de fonctionnement;FESTIVAL JAZZ AU THEATRE 2012  NOUVELLE AIDE;RJ 77 RESEAU JAZZ 77;Association loi 1901 et assimilées (fondations, ONG …);Commission permanente du 29 mars 2012;4000;FONTAINEBLEAU;4000;100,00%;40 RUE GRANDE;77300;FONTAINEBLEAU;77;48.4044902,2.7010051
2012;Subventions spécifiques de fonctionnement;FESTIVAL TA PAROLE;BOLONDOKHAZA;Association loi 1901 et assimilées (fondations, ONG …);Commission permanente du 29 mars 2012;10000;MONTREUIL;10000;100,00%;10 B RUE FRANCOIS DEBERGUE;93100;MONTREUIL SOUS BOIS;93;48.8581314,2.4386709
2012;Subventions spécifiques de fonctionnement;FESTIVAL SAINT DENIS  VOLET METIS RENOUVELLEMENT;FESTIVAL SAINT-DENIS;Association loi 1901 et assimilées (fondations, ONG …);Commission permanente du 29 mars 2012;60000;SEINE SAINT DENIS;60000;100,00%;16, place de la Légion d'honneur;93200;ST DENIS;93;48.9348003,2.3582724
2012;Subventions spécifiques de fonctionnement;"NUIT VIVE - FESTIVAL MUSIQUES ACTUELLES ""NUITS CAPITALES""";NUIT VIVE;Association loi 1901 et assimilées (fondations, ONG …);Commission permanente du 11 octobre 2012;18000;VILLE DE PARIS;18000;100,00%;67 AV PARMENTIER;75011;PARIS;75;48.8639625,2.375494
2013;Subventions spécifiques de fonctionnement;MJC LES TERRASSE - FESTIVAL  BONNE MACHINE  RENOUVELLEMENT 2013;MJC CONFLANS STE HONORIN MAISON JEUNES & CULTURE;Association loi 1901 et assimilées (fondations, ONG …);Commission permanente du 4 avril 2013;5000;CONFLANS-SAINTE-HONORINE;5000;100,00%;AV  DU PONT;78700;CONFLANS STE HONORINE;78;48.990795,2.0817979
2013;Subventions spécifiques de fonctionnement;CIFORDOM (BANLIEUES TROPICALES 2013 - NOUVELLE DEMANDE 2013);CIFORDOM CTRE INFORM FORMAT RECH ORIG OUTRE MER;Association loi 1901 et assimilées (fondations, ONG …);Commission permanente du 20 novembre 2013;25000;DEPARTEMENT DE PARIS;25000;100,00%;RUE DU LANGUEDOC;91300;MASSY;91;48.7355416,2.2968414
2013;Subventions spécifiques de fonctionnement;MECANICK'S (WEATHER FESTIVAL - NOUVELLE DEMANDE 2013);MECANICK'S;Association loi 1901 et assimilées (fondations, ONG …);Commission permanente du 30 mai 2013;8000;REGION ILE DE FRANCE;8000;100,00%;48 BOULEVARDS DU MONTPARNASSE;75015;PARIS;75;48.8445588,2.3213401
2013;Subventions spécifiques de fonctionnement;VILLES MUSIQUES DU MONDE  - RENOUVELLEMENT CP JUILLET 2013;VILLES MUSIQUES DU MONDE;Association loi 1901 et assimilées (fondations, ONG …);Commission permanente du 11 juillet 2013;38000;REGION ILE DE FRANCE;38000;100,00%;4 avenue de la Division Leclerc;93300;AUBERVILLIERS;93;48.9140767,2.4064551
2014;Subventions spécifiques de fonctionnement;VILLES MUSIQUES DU MONDE ( FESTIVAL DES MUSIQUES - RENOUVELLEMENT 2014);VILLES MUSIQUES DU MONDE;Association loi 1901 et assimilées (fondations, ONG …);Commission permanente du 18 juin 2014;38000;REGION ILE DE FRANCE;38000;100,00%;4 AVENUE DE LA DIVISION LECLERC;93300;AUBERVILLIERS;93;48.9140767,2.4064551
2014;Subventions spécifiques de fonctionnement;COMMUNE DE MARCOUSSIS - FESTIVAL ELFONDUROCK RENOUVELLEMENT 2014;COMMUNE DE MARCOUSSIS;Communes;Commission permanente du 10 avril 2014;13500;MARCOUSSIS;13500;100,00%;5  RUE ALFRED DUBOIS;91460;MARCOUSSIS;91;48.6431769,2.2314522
2011;Subventions spécifiques de fonctionnement;KOUDJU FESTIVAL;KOUD JU;Association loi 1901 et assimilées (fondations, ONG …);Commission permanente du 20 octobre 2011;6000;SEINE ET MARNE;6000;100,00%;19 RUE MILLIARY;77170;BRIE-COMTE-ROBERT;77;48.6946434,2.6075366
2011;Subventions spécifiques de fonctionnement;KIOSQUORAMA ECO FESTIVAL MUSICAL (nouvelle demande );KIOSQUORAMA;Association loi 1901 et assimilées (fondations, ONG …);Commission permanente du 7 juillet 2011;10000;VILLE DE PARIS;10000;100,00%;12-14 RUE OLIVIER METRA;75020;PARIS 20;75;48.8722255,2.394994
2012;Subventions spécifiques de fonctionnement;KOUD JU (aide au festival);KOUD JU;Association loi 1901 et assimilées (fondations, ONG …);Commission permanente du 11 octobre 2012;6000;BRIE-COMTE-ROBERT;6000;100,00%;19 RUE MILLIARY;77170;BRIE-COMTE-ROBERT;77;48.6946434,2.6075366
2012;Subventions spécifiques de fonctionnement;PLUS DE SONS FESTIVAL ROCK EN SEINE 10è EDITION;PLUS DE SONS;Association loi 1901 et assimilées (fondations, ONG …);Commission permanente du 29 mars 2012;655000;REGION ILE DE FRANCE;655000;100,00%;15  RUE DU LOUVRE;75001;PARIS 01;75;48.8637773,2.3421109
2012;Subventions spécifiques de fonctionnement;JAZZ AU FIL DE L'OISE (CP JUILLET 2012);JAZZ AU FIL DE L'OISE;Association loi 1901 et assimilées (fondations, ONG …);Commission permanente du 12 juillet 2012;15000;VAL D'OISE;15000;100,00%;Maison de l'Ile;95430;AUVERS S/OISE;95;49.071873,2.182874
2012;Subventions spécifiques de fonctionnement;KUDETA FESTIVAL COUP D'ECLAT NOUVELLE DEMANDE (CP JUILLET 2012);ASSOCIATION KUDETA;Association loi 1901 et assimilées (fondations, ONG …);Commission permanente du 12 juillet 2012;8000;YVELINES;8000;100,00%;1 BOULEVARD DU RHIN;78310;MAUREPAS;78;48.770058,1.940798
2013;Subventions spécifiques de fonctionnement;GROUPE VENDOME ORGANISATION (FESTIVAL MARVELLOUS ISLAND - NOUVELLE DEMANDE 2013);GROUPE VENDOME ORGANISATION VENDOME EVENEMENT-GALA EVENEMENT;Entreprises et professions libérales;Commission permanente du 30 mai 2013;10000;DEPARTEMENT DE PARIS;10000;100,00%;33 RUE DES JEUNEURS;75002;PARIS;75;48.8696817,2.3441018
2013;Subventions spécifiques de fonctionnement;PARIS JAZZ CLUB (JAZZ CLUBS FESTIVAL - NOUVELLE DEMANDE 2013);PARIS JAZZ CLUB;Association loi 1901 et assimilées (fondations, ONG …);Commission permanente du 11 juillet 2013;8000;REGION ILE DE FRANCE;8000;100,00%;39 RUE DES LOMBARDS;75001;PARIS;75;48.8598229,2.3474897
2013;Subventions spécifiques de fonctionnement;FESTI''VAL DE MARNE  renouvellement CP JUILLET 2013;FESTI'VAL DE MARNE;Association loi 1901 et assimilées (fondations, ONG …);Commission permanente du 11 juillet 2013;20000;VAL DE MARNE;20000;100,00%;79/81 avenue Danielle Casanova;94200;IVRY S/SEINE;94;48.8128369,2.3859468
2013;Subventions spécifiques de fonctionnement;ASSOCIATION LA RUCHE - FESTIVAL WORLD OF WORDS (RENOUVELLEMENT CP JUILLET 2013);ASSOCIATION LA RUCHE;Association loi 1901 et assimilées (fondations, ONG …);Commission permanente du 11 juillet 2013;4000;VAL D'OISE;4000;100,00%;MAISON DE QUARTIER;95800;CERGY;95;49.0489899,2.0165313
2013;Subventions spécifiques de fonctionnement;BLUES SUR SEINE  -  renouvellement CP JUILLET 2013;BLUES SUR SEINE;Association loi 1901 et assimilées (fondations, ONG …);Commission permanente du 11 juillet 2013;25000;YVELINES;25000;100,00%;18 RUE DE GASSICOURT;78200;MANTES LA JOLIE;78;48.991344,1.7095473
2014;Subventions spécifiques de fonctionnement;FESTIVAL SAINT-DENIS - FESTIVAL METIS RENOUVELLEMENT 2014;FESTIVAL SAINT-DENIS;Association loi 1901 et assimilées (fondations, ONG …);Commission permanente du 10 avril 2014;60000;CA PLAINE COMMUNE;60000;100,00%;16 PLACE DE LA LEGION D'HONNEUR;93200;ST DENIS;93;48.9347835,2.3582602
2014;Subventions spécifiques de fonctionnement;"JAZZ EN PAYS FERTOIS -  FESTIVAL ""FERTE JAZZ"" RENOUVELLEMENT 2014";JAZZ EN PAYS FERTOIS;Association loi 1901 et assimilées (fondations, ONG …);Commission permanente du 10 avril 2014;15000;LA FERTE-SOUS-JOUARRE;15000;100,00%;9 RUE DU 103EME REGIMENT INFANT;77138;LUZANCY;77;48.972669,3.187653
2014;Subventions spécifiques de fonctionnement;CENTRE D''ART ET CULTURE (JAZZ'N'KLEZMER - renouvellement 2014);CAC CENTRE D'ART ET CULTURE RUE BROCA;Association loi 1901 et assimilées (fondations, ONG …);Commission permanente du 17 octobre 2014;10000;DEPARTEMENT DE PARIS;10000;100,00%;39 RUE BROCA;75005;PARIS;75;48.8378542,2.3478518
2014;Subventions spécifiques de fonctionnement;MJC LES TERRASSE - FESTIVAL  BONNE MACHINE  RENOUVELLEMENT 2014;MJC CONFLANS STE HONORIN MAISON JEUNES & CULTURE;Association loi 1901 et assimilées (fondations, ONG …);Commission permanente du 30 janvier 2014;5000;CONFLANS-SAINTE-HONORINE;5000;100,00%;AV  DU PONT;78700;CONFLANS STE HONORINE;78;48.9909009,2.0817736
2014;Subventions spécifiques de fonctionnement;RACINES, MEMOIRE ET TRADITIONS ANTILLES -   FESTIVAL NUIT TROPICALES /BANLIEUES TROPICALES 2014;RACINES MEMOIRE ET TRADITIONS ANTILLES;Association loi 1901 et assimilées (fondations, ONG …);Commission permanente du 18 juin 2014;55000;ERMONT;55000;100,00%;7 RUE DE MONTCIENT;95500;GONESSE;95;48.9975154,2.4321595
2014;Subventions spécifiques de fonctionnement;FONTENAY EN SCENES  - FESTIVAL MUSIQUES ACTUELLES  LES AVENTURIERS RENOUVELLEMENT 2014;FONTENAY EN SCENES;Association loi 1901 et assimilées (fondations, ONG …);Commission permanente du 17 octobre 2014;10000;FONTENAY-SOUS-BOIS;10000;100,00%;166 BD GALLIENI;94120;FONTENAY SOUS BOIS;94;48.8494276,2.4771823
2014;Subventions spécifiques de fonctionnement;PLUS DE SONS- FESTIVAL ROCK EN SEINE 2014 - RENOUVELLEMENT);PLUS DE SONS;Association loi 1901 et assimilées (fondations, ONG …);Commission permanente du 30 janvier 2014;655000;SAINT-CLOUD;655000;100,00%;15  RUE DU LOUVRE;75001;PARIS 01;75;48.8637773,2.3421109
2014;Subventions spécifiques de fonctionnement;A QUI LE TOUR (FESTIVAL BALAD A ZIC- renouvellement 2014);A QUI LE TOUR;Association loi 1901 et assimilées (fondations, ONG …);Commission permanente du 17 octobre 2014;6000;VAL D'OISE;6000;100,00%;PLACE DE LA MAIRIE;95440;ECOUEN;95;49.0184802,2.3788673
2011;Subventions spécifiques de fonctionnement;FESTIVAL LES AVENTURIERS 7EME EDITION;FONTENAY EN SCENES;Association loi 1901 et assimilées (fondations, ONG …);Commission permanente du 20 octobre 2011;8000;FONTENAY-SOUS-BOIS;8000;100,00%;26 rue Gérard Philippe;94120;FONTENAY SOUS BOIS;94;48.8511649,2.4692142
2011;Subventions spécifiques de fonctionnement;LES PRIMEURS DE MASSY - RENOUVELLEMENT DEMANDE;ATMAC ASS TECH MASS ACTI ON CULT;Association loi 1901 et assimilées (fondations, ONG …);Commission permanente du 20 octobre 2011;30000;MASSY;30000;100,00%;6 ALLEE DU QUEBEC;91300;MASSY;91;48.7295616,2.2840582
2013;Subventions spécifiques de fonctionnement;ACCUEIL LOISIRS CULTURE  RENOUVELLEMENT FESETIVAL MAGNIFIK CP JUILLET 2013;ALC ACCUEIL LOISIRS CULTURE;Association loi 1901 et assimilées (fondations, ONG …);Commission permanente du 11 juillet 2013;3000;CHEVREUSE;3000;100,00%;RUE DU VIEUX CIMETIERE;78460;CHEVREUSE;78;48.7085358,2.0389383
2013;Subventions spécifiques de fonctionnement;QWARTZ AIDE AUX FESTIVALS MA 2013;QWARTZ;Association loi 1901 et assimilées (fondations, ONG …);Commission permanente du 4 avril 2013;45000;DEPARTEMENT DE PARIS;45000;100,00%;53 RUE DE LA FONTAINE AU ROI;75011;PARIS;75;48.8682116,2.3736307
2013;Subventions spécifiques de fonctionnement;BOLONDOKHAZA (FESTIVAL TAPAROLE - RENOUVELLEMENT 2013);BOLONDOKHAZA;Association loi 1901 et assimilées (fondations, ONG …);Commission permanente du 30 mai 2013;10000;MONTREUIL;10000;100,00%;10 B RUE FRANCOIS DEBERGUE;93100;MONTREUIL SOUS BOIS;93;48.8581314,2.4386709
2013;Subventions spécifiques de fonctionnement;PLUS DE SONS- FESTIVAL ROCK EN SEINE 2013 - RENOUVELLEMENT;PLUS DE SONS;Association loi 1901 et assimilées (fondations, ONG …);Commission permanente du 30 mai 2013;655000;SAINT-CLOUD;655000;100,00%;15  RUE DU LOUVRE;75001;PARIS 01;75;48.8637773,2.3421109
2013;Subventions spécifiques de fonctionnement;ASSOCE KIPIK (FESTIVAL SUR LES POINTES - RENOUVELLEMENT 2013);ASSOCE KIPIK;Association loi 1901 et assimilées (fondations, ONG …);Commission permanente du 30 mai 2013;7000;VAL DE MARNE;7000;100,00%;39-41 RUE HENRI DE VILMORIN;94400;VITRY-SUR-SEINE;94;48.7945951,2.3880025
2013;Subventions spécifiques de fonctionnement;L'ESTIVAL ST GERMAIN EN LAYE  RENOUVELLEMENT JUILLET 2013;L'ESTIVAL ST GERMAIN EN LAYE;Association loi 1901 et assimilées (fondations, ONG …);Commission permanente du 11 juillet 2013;10000;YVELINES;10000;100,00%;4 rue Giraud Teulon;78100;ST GERMAIN EN LAYE;78;48.8934985,2.0968678
2014;Subventions spécifiques de fonctionnement;MAMA (FESTIVAL MAMA - RENOUVELLEMENT 2014);MAMA MAMA;Entreprises;Commission permanente du 18 juin 2014;120000;DEPARTEMENT DE PARIS;120000;100,00%;46 RUE BOURET;75019;PARIS;75;48.8824883,2.372923
2014;Subventions spécifiques de fonctionnement;ASSOCIATION LA RUCHE (FESTIVAL WORLD OF WORDS - RENOUVELLEMENT 2014);ASSOCIATION LA RUCHE;Association loi 1901 et assimilées (fondations, ONG …);Commission permanente du 18 juin 2014;4000;VAL D'OISE;4000;100,00%;MAISON DE QUARTIER;95800;CERGY;95;49.0489899,2.0165313
2014;Subventions spécifiques de fonctionnement;WELL DONE SIMONE (MAISONS-LAFFITTE JAZZ FESTIVAL 2014);WDS WELL DONE SIMONE;Association loi 1901 et assimilées (fondations, ONG …);Commission permanente du 18 juin 2014;4000;VINCENNES;4000;100,00%;3 RUE DE LA PREVOYANCE;94300;VINCENNES;94;48.8468005,2.4200043
2011;Subventions spécifiques de fonctionnement;WE LOVE GREEN (Aide au festivals de musiques actuelles 2011);ASSO WE LOVE GREEN;Association loi 1901 et assimilées (fondations, ONG …);Commission permanente du 7 juillet 2011;20000;DEPARTEMENT DE PARIS;20000;100,00%;173-175 RUE DU FAUBOURG POISSONNIERE;75009;PARIS;75;48.881951,2.3496411
2012;Subventions spécifiques de fonctionnement;MANGEUR D'OGRES - FESTIVAL LA GUINGUETTE ITINERANTE NOUVELLE DEMANDE (CP JUILLET 2012);ASSOCIATION MANGEUR D'OGRES;Association loi 1901 et assimilées (fondations, ONG …);Commission permanente du 12 juillet 2012;25000;CERGY;25000;100,00%;7 PLACE DE LA REPUBLIQUE;95000;CERGY;95;49.0339585,2.061752
2012;Subventions spécifiques de fonctionnement;AU SUD DU NORD (CP JUILLET 2012);AU SUD DU NORD;Association loi 1901 et assimilées (fondations, ONG …);Commission permanente du 12 juillet 2012;10000;ESSONNE;10000;100,00%;8  RUE DES VALLEES;91590;BOISSY LE CUTTE;91;48.4693962,2.2832339
2012;Subventions spécifiques de fonctionnement;TAYASAL-   FESTIVAL JAZZ MAISONS LAFFITTE;TAYASAL;Association loi 1901 et assimilées (fondations, ONG …);Commission permanente du 11 octobre 2012;4000;MAISONS-LAFFITTE;4000;100,00%;54 RUE DU TIR;78600;MAISONS-LAFFITTE;78;48.9459851,2.1325777
2012;Subventions spécifiques de fonctionnement;L'ESPRIT JAZZ;L'ESPRIT JAZZ;Association loi 1901 et assimilées (fondations, ONG …);Commission permanente du 29 mars 2012;15000;VILLE DE PARIS;15000;100,00%;19  RUE DES FRIGOS;75013;PARIS 13;75;48.831586,2.3791645
2013;Subventions spécifiques de fonctionnement;AUBERCAIL ASSOCIATION - FESTIVAL AUBERCAIL RENOUVELLEMENT 2013;AUBERCAIL ASSOCIATION;Association loi 1901 et assimilées (fondations, ONG …);Commission permanente du 4 avril 2013;35000;AUBERVILLIERS;35000;100,00%;135-153 RUE DANIELLE CASANOVA;93300;AUBERVILLIERS;93;48.9163647,2.3979455
2013;Subventions spécifiques de fonctionnement;FESTIVAL SAINT-DENIS - FESTIVAL METIS RENOUVELLEMENT 2013;FESTIVAL SAINT-DENIS;Association loi 1901 et assimilées (fondations, ONG …);Commission permanente du 4 avril 2013;60000;CA PLAINE COMMUNE;60000;100,00%;16, place de la Légion d'honneur;93200;ST DENIS;93;48.9348003,2.3582724
2013;Subventions spécifiques de fonctionnement;ASSOCIATION MANGEUR D'OGRES - FESTIVAL GUINGUETTE CERGY RENOUVELLEMENT 2013;ASSOCIATION MANGEUR D'OGRES;Association loi 1901 et assimilées (fondations, ONG …);Commission permanente du 4 avril 2013;25000;CERGY;25000;100,00%;7 PLACE DE LA REPUBLIQUE;95000;CERGY;95;49.0339585,2.061752
2013;Subventions spécifiques de fonctionnement;COMMUNE DE MARCOUSSIS - FESTIVAL ELFONDUROCK RENOUVELLEMENT 2013;COMMUNE DE MARCOUSSIS;Communes;Commission permanente du 4 avril 2013;13500;MARCOUSSIS;13500;100,00%;5  RUE ALFRED DUBOIS;91460;MARCOUSSIS;91;48.6424271,2.2333885
2013;Subventions spécifiques de fonctionnement;COLLECTIFDOM -  FESTIVAL LES NUITS DU CARNAVAL -2013;COLLECTIFDOM COLLECTIF DES ANTILLAIS GUYANNAIS REUNIONNAIS ET MAHORAIS;Association loi 1901 et assimilées (fondations, ONG …);Commission permanente du 23 janvier 2013;30000;VILLE DE PARIS;30000;100,00%;245 RUE DU FAUBOURG SAINT ANTOINE;75011;PARIS 11;75;48.8501331,2.3854322
2013;Subventions spécifiques de fonctionnement;KUDETA - FESTIVAL COUP D''ECLAT (RENOUVELLEMENT CP JUILLET 2013);ASSOCIATION KUDETA;Association loi 1901 et assimilées (fondations, ONG …);Commission permanente du 11 juillet 2013;10000;YVELINES;10000;100,00%;1 BOULEVARD DU RHIN;78310;MAUREPAS;78;48.770058,1.940798
2014;Subventions spécifiques de fonctionnement;L'ESTIVAL ST GERMAIN EN LAYE (FESTIVAL L'ESTIVAL - RENOUVELLEMENT 2014);L'ESTIVAL ST GERMAIN EN LAYE;Association loi 1901 et assimilées (fondations, ONG …);Commission permanente du 18 juin 2014;10000;YVELINES;10000;100,00%;4 RUE GIRAUD TEULON;78100;ST GERMAIN EN LAYE;78;48.8932473,2.0970595
2012;Subventions spécifiques de fonctionnement;MJC CONFLANS  RENOUVELLEMENT - FESTIVAL BONNE MACHINE;MJC CONFLANS STE HONORIN MAISON JEUNES & CULTURE;Association loi 1901 et assimilées (fondations, ONG …);Commission permanente du 29 mars 2012;5000;CONFLANS-SAINTE-HONORINE;5000;100,00%;AV  DU PONT;78700;CONFLANS STE HONORINE;78;48.990795,2.0817979
2012;Subventions spécifiques de fonctionnement;AFRICOLOR (CP JUILLET 2012);AFRICOLOR;Association loi 1901 et assimilées (fondations, ONG …);Commission permanente du 12 juillet 2012;16000;DEPARTEMENT DE PARIS;16000;100,00%;14 RUE DE CHARTRES;75018;PARIS;75;48.8846133,2.3544242
2012;Subventions spécifiques de fonctionnement;SONIC PROTEST (CP JUILLET 2012);SONIC PROTEST;Association loi 1901 et assimilées (fondations, ONG …);Commission permanente du 12 juillet 2012;8000;DEPARTEMENT DE PARIS;8000;100,00%;35 PASSAGE DU DESIR;75010;PARIS;75;48.8737674,2.3550144
2012;Subventions spécifiques de fonctionnement;FONTENAY EN SCENES  - FESTIVAL MUSIQUES ACTUELLES  LES AVENTURIERS;FONTENAY EN SCENES;Association loi 1901 et assimilées (fondations, ONG …);Commission permanente du 11 octobre 2012;7800;FONTENAY-SOUS-BOIS;7800;100,00%;26 rue Gérard Philippe;94120;FONTENAY SOUS BOIS;94;48.8511649,2.4692142
2012;Subventions spécifiques de fonctionnement;"JAZZ EN PAYS FERTOIS NOUVEAU FESTIVAL ""FERTE JAZZ""";JAZZ EN PAYS FERTOIS;Association loi 1901 et assimilées (fondations, ONG …);Commission permanente du 26 janvier 2012;15000;LA FERTE-SOUS-JOUARRE;15000;100,00%;9 RUE DU 103EME REGIMENT INFANT;77138;LUZANCY;77;48.972669,3.187653
2012;Subventions spécifiques de fonctionnement;VILLE DE MARCOUSSIS - FESTIVAL ELFONDUROCK (nouvelle demande);COMMUNE DE MARCOUSSIS;Communes;Commission permanente du 29 mars 2012;13500;MARCOUSSIS;13500;100,00%;5  RUE ALFRED DUBOIS;91460;MARCOUSSIS;91;48.6424271,2.2333885
2012;Subventions spécifiques de fonctionnement;VILLES MUSIQUES DU MONDE  - FESTIVAL MUSIQUES ACTUELLES 2012;VILLES MUSIQUES DU MONDE;Association loi 1901 et assimilées (fondations, ONG …);Commission permanente du 29 mars 2012;38000;REGION ILE DE FRANCE;38000;100,00%;4 avenue de la Division Leclerc;93300;AUBERVILLIERS;93;48.9140767,2.4064551
2012;Subventions spécifiques de fonctionnement;FESTIVAL JAZZ MUSETTE DES PUCES (RENOUVELLEMENT);COMITE ORGANISATION FES TIVAL DES PUCES;Association loi 1901 et assimilées (fondations, ONG …);Commission permanente du 29 mars 2012;17000;SAINT-OUEN;17000;100,00%;80  AV  GABRIEL PERI;93400;ST OUEN;93;48.9059693,2.3317738
2012;Subventions spécifiques de fonctionnement;FESTI'VAL DE MARNE (CP JUILLET 2012);FESTI'VAL DE MARNE;Association loi 1901 et assimilées (fondations, ONG …);Commission permanente du 12 juillet 2012;20000;VAL DE MARNE;20000;100,00%;79/81 avenue Danielle Casanova;94200;IVRY S/SEINE;94;48.8128369,2.3859468
2012;Subventions spécifiques de fonctionnement;ASSOCE KIPIK - FESTIVAL SUR LES POINTES NOUVELLE DEMANDE -(CP JUILLET 2012);ASSOCE KIPIK;Association loi 1901 et assimilées (fondations, ONG …);Commission permanente du 12 juillet 2012;7000;VITRY-SUR-SEINE;7000;100,00%;39-41 RUE HENRI DE VILMORIN;94400;VITRY-SUR-SEINE;94;48.7945951,2.3880025
2013;Subventions spécifiques de fonctionnement;"KOUDJU - ""KOUDJU FESTIVAL "" RENOUVELLEMENT 2013";KOUD JU;Association loi 1901 et assimilées (fondations, ONG …);Commission permanente du 17 octobre 2013;6000;BRIE-COMTE-ROBERT;6000;100,00%;19 RUE MILLIARY;77170;BRIE-COMTE-ROBERT;77;48.6946434,2.6075366
2013;Subventions spécifiques de fonctionnement;FONTENAY EN SCENES  - FESTIVAL MUSIQUES ACTUELLES  LES AVENTURIERS RENOUVELLEMENT 2013;FONTENAY EN SCENES;Association loi 1901 et assimilées (fondations, ONG …);Commission permanente du 17 octobre 2013;8200;FONTENAY-SOUS-BOIS;8200;100,00%;26 rue Gérard Philippe;94120;FONTENAY SOUS BOIS;94;48.8511649,2.4692142
2013;Subventions spécifiques de fonctionnement;IADC INST AULNAYSIEN DEVELOPPEMENT CULTUREL - FESTIVAL MUSIQUES ACTUELLES AULNAY ALL BLUES  2013;IADC INST AULNAYSIEN DEVELOPPEMENT CULTUREL;Association loi 1901 et assimilées (fondations, ONG …);Commission permanente du 17 octobre 2013;10000;SEINE SAINT DENIS;10000;100,00%;134 AV ANATOLE FRANCE;93600;AULNAY-SOUS-BOIS;93;48.9403544,2.4964674
2013;Subventions spécifiques de fonctionnement;JAZZ AU FIL DE L'OISE (FESTIVAL JAZZ AU FIL DE L'OISE - RENOUVELLEMENT 2013);JAZZ AU FIL DE L'OISE;Association loi 1901 et assimilées (fondations, ONG …);Commission permanente du 30 mai 2013;15000;VAL D'OISE;15000;100,00%;Maison de l'Ile;95430;AUVERS S/OISE;95;49.071873,2.182874
2013;Subventions spécifiques de fonctionnement;CAC GEORGES BRASSENS - LA CUP (FESTIVAL MUSIQUES ACTUELLES NOUVELLE DEMANDE 2013);CAC GEORGES BRASSENS;Association loi 1901 et assimilées (fondations, ONG …);Commission permanente du 4 avril 2013;7000;YVELINES;7000;100,00%;18  RUE DE GASSICOURT;78200;MANTES LA JOLIE;78;48.991344,1.7095473
2014;Subventions spécifiques de fonctionnement;COMMUNE DES MUREAUX (FESTIVAL MOSAIK DES MUREAUX - RENOUVELLEMENT 2014);COMMUNE DES MUREAUX;Communes;Commission permanente du 18 juin 2014;20000;YVELINES;20000;100,00%;PLACE  DE LA LIBERATION;78135;LES MUREAUX;78;49.0152953,1.9212278
2014;Subventions spécifiques de fonctionnement;RESEAU JAZZ 77 (FESTIVAL JAZZ AU THEATRE - RENOUVELLEMENT 2014);RJ 77 RESEAU JAZZ 77;Association loi 1901 et assimilées (fondations, ONG …);Commission permanente du 18 juin 2014;4000;FONTAINEBLEAU;4000;100,00%;40 RUE GRANDE;77300;FONTAINEBLEAU;77;48.4047588,2.7009635
2014;Subventions spécifiques de fonctionnement;REALI (GWOKAJAZZ FESTIVAL - NOUVELLE DEMANDE 2014);ASSOCIATION REALI;Association loi 1901 et assimilées (fondations, ONG …);Commission permanente du 17 octobre 2014;8000;DEPARTEMENT DE PARIS;8000;100,00%;69 RUE DE TURENNE;75003;PARIS;75;48.8593469,2.3643105
2014;Subventions spécifiques de fonctionnement;AU SUD DU NORD (FESTIVAL AU SUD DU NORD - RENOUVELLEMENT 2014);AU SUD DU NORD;Association loi 1901 et assimilées (fondations, ONG …);Commission permanente du 18 juin 2014;13000;ESSONNE;13000;100,00%;8  RUE DES VALLEES;91590;BOISSY LE CUTTE;91;48.4693962,2.2832339
2014;Subventions spécifiques de fonctionnement;FESTI'VAL DE MARNE - FESTIVAL DE MARNE - RENOUVELLEMENT 2014;FESTI'VAL DE MARNE;Association loi 1901 et assimilées (fondations, ONG …);Commission permanente du 18 juin 2014;20000;VAL DE MARNE;20000;100,00%;79/81 AVENUE DANIELLE CASANOVA;94200;IVRY S/SEINE;94;48.8136397,2.3855331
2011;Subventions spécifiques de fonctionnement;18 EN SCENES (Musiques Actuelles 2011);18 EN SCENES;Association loi 1901 et assimilées (fondations, ONG …);Commission permanente du 7 juillet 2011;10000;PARIS;10000;100,00%;2 rue André Messager;75018;PARIS 18;75;48.8950056,2.3427432
2011;Subventions spécifiques de fonctionnement;NUIT VIVE - NUITS CAPITALES;NUIT VIVE;Association loi 1901 et assimilées (fondations, ONG …);Commission permanente du 20 octobre 2011;18000;VILLE DE PARIS;18000;100,00%;67 AV PARMENTIER;75011;PARIS;75;48.8639625,2.375494
2012;Subventions spécifiques de fonctionnement;ONZE HEURES ONZE (aide au festival, nouvelle demande 2012);ONZE HEURES ONZE;Association loi 1901 et assimilées (fondations, ONG …);Commission permanente du 11 octobre 2012;3600;BRIE-COMTE-ROBERT;3600;100,00%;11 ALLEE DES COQUELICOTS;77220;TOURNAN-EN-BRIE;77;48.7440339,2.7770574
2012;Subventions spécifiques de fonctionnement;LA FABRICA'SON (aide au festival, nouvelle demande 2012);LA FABRICA'SON;Association loi 1901 et assimilées (fondations, ONG …);Commission permanente du 11 octobre 2012;3000;MALAKOFF;3000;100,00%;28 RUE VICTOR HUGO;92240;MALAKOFF;92;48.8223664,2.3058331
2012;Subventions spécifiques de fonctionnement;"ASSOCIATION 95 EVENEMENT - FESTIVAL MUSIQUES ACTUELLES ""BLUES EN VAL D'OISE""";ASSOCIATION 95 EVENEMENT;Association loi 1901 et assimilées (fondations, ONG …);Commission permanente du 11 octobre 2012;9000;VAL D'OISE;9000;100,00%;21 RUE D'ANDILLY;95230;SOISY SOUS MONTMORENCY;95;48.9918167,2.2989928
2012;Subventions spécifiques de fonctionnement;GENERATION RESERVOIR;GENERATION RESERVOIR;Association loi 1901 et assimilées (fondations, ONG …);Commission permanente du 26 janvier 2012;10000;VILLE DE PARIS;10000;100,00%;28 RUE BREGUET;75011;PARIS;75;48.8577688,2.374436
2012;Subventions spécifiques de fonctionnement;QUARTZ 8 - RENOUVELLEMENT MANIFESTATION PRIX MUSIQUES NOUVELLES;QWARTZ;Association loi 1901 et assimilées (fondations, ONG …);Commission permanente du 29 mars 2012;39450;VILLE DE PARIS;39450;100,00%;53 RUE DE LA FONTAINE AU ROI;75011;PARIS;75;48.8682116,2.3736307
2012;Subventions spécifiques de fonctionnement;BLUES SUR SEINE (CP JUILLET 2012);BLUES SUR SEINE;Association loi 1901 et assimilées (fondations, ONG …);Commission permanente du 12 juillet 2012;25000;YVELINES;25000;100,00%;18 RUE DE GASSICOURT;78200;MANTES LA JOLIE;78;48.991344,1.7095473
2013;Subventions spécifiques de fonctionnement;KIOSQUORAMA (FESTIVAL KIOSQUORAMA - RENOUVELLEMENT 2013);KIOSQUORAMA;Association loi 1901 et assimilées (fondations, ONG …);Commission permanente du 30 mai 2013;9000;REGION ILE DE FRANCE;9000;100,00%;12-14 RUE OLIVIER METRA;75020;PARIS 20;75;48.8722255,2.394994
2013;Subventions spécifiques de fonctionnement;AFRICOLOR (FESTIVAL AFRICOLOR - RENOUVELLEMENT 2013);AFRICOLOR;Association loi 1901 et assimilées (fondations, ONG …);Commission permanente du 30 mai 2013;21000;REGION ILE DE FRANCE;21000;100,00%;14 RUE DE CHARTRES;75018;PARIS;75;48.8846133,2.3544242
2013;Subventions spécifiques de fonctionnement;CHROMA (LE GRAND ZEBROCK - NOUVELLE DEMANDE 2013);CHROMA;Association loi 1901 et assimilées (fondations, ONG …);Commission permanente du 30 mai 2013;50000;SEINE SAINT DENIS;50000;100,00%;2   RUE SAINT JUST;93130;NOISY LE SEC;93;48.8948844,2.4532582
2013;Subventions spécifiques de fonctionnement;ASSOCIATION FORTUNELLA (FESTIVAL LA FERME ELECTRIQUE - NOUVELLE DEMANDE 2013);ASSOCIATION FORTUNELLA;Association loi 1901 et assimilées (fondations, ONG …);Commission permanente du 30 mai 2013;2800;TOURNAN-EN-BRIE;2800;100,00%;101 RUE DE PARIS;77220;TOURNAN-EN-BRIE;77;48.7385799,2.7516577
2013;Subventions spécifiques de fonctionnement;ASSOCIATION PREMIER DRAGON - UN AIR DE VOYAGE (FESTIVAL MUSIQUES ACTUELLES NOUVELLE DEMANDE 2013);ASSOCIATION PREMIER DRAGON;Association loi 1901 et assimilées (fondations, ONG …);Commission permanente du 4 avril 2013;7000;VAL D'OISE;7000;100,00%;12 ALLEE DES PETITS PAINS;95800;CERGY;95;49.0477032,2.0341873
2013;Subventions spécifiques de fonctionnement;SONIC PROTEST FESTIVAL 2013 RENOUVELLEMENT;SONIC PROTEST;Association loi 1901 et assimilées (fondations, ONG …);Commission permanente du 4 avril 2013;8000;VILLE DE PARIS;8000;100,00%;35 PASSAGE DU DESIR;75010;PARIS;75;48.8737674,2.3550144
2014;Subventions spécifiques de fonctionnement;CHROMA LE GRAND ZEBROCK - RENOUVELLEMENT 2014;ASSOCIATION CHROMA;Association loi 1901 et assimilées (fondations, ONG …);Commission permanente du 10 avril 2014;50000;SEINE SAINT DENIS;50000;100,00%;2 RUE SAINT JUST;93130;NOISY-LE-SEC;93;48.8948931,2.4532359
2014;Subventions spécifiques de fonctionnement;TOUCHES DE JAZZ (FESTIVAL TOUCHES DE JAZZ - NOUVELLE DEMANDE 2014);TOUCHES DE JAZZ;Association loi 1901 et assimilées (fondations, ONG …);Commission permanente du 18 juin 2014;2500;BEYNES;2500;100,00%;PLACE DU 8 MAI 1945;78650;BEYNES;78;48.855911,1.8753182
2014;Subventions spécifiques de fonctionnement;FESTIVAL AU FIL DES VOIX - LE RENDEZ VOUS DES MUSIQUES DU MONDE;FESTIVAL AU FIL DES VOIX - LE RENDEZ VOUS DES MUSIQUES DU MONDE;Association loi 1901 et assimilées (fondations, ONG …);Commission permanente du 30 janvier 2014;10000;VILLE DE PARIS;10000;100,00%;23 RUE DES FONTAINES DU TEMPLE;75003;PARIS;75;48.8656446,2.3580685
2014;Subventions spécifiques de fonctionnement;FESTIVAL DJANGO REINHARDT RENOUVELLEMENT 2014;FESTIVAL DJANGO REINHARDT;Association loi 1901 et assimilées (fondations, ONG …);Commission permanente du 10 avril 2014;27500;SAMOIS-SUR-SEINE;27500;100,00%;5 RUE VICTOR CHEVIN;77920;SAMOIS S/SEINE;77;48.4519871,2.7496646
2014;Subventions spécifiques de fonctionnement;IADC INSTITUT AULNAYSIEN DEVELOPPEMENT CULTUREL (SEMAINE DU BLUES - NOUVELLE DEMANDE 2014);IADC INST AULNAYSIEN DEVELOPPEMENT CULTUREL;Association loi 1901 et assimilées (fondations, ONG …);Commission permanente du 17 octobre 2014;10000;SEINE SAINT DENIS;10000;100,00%;134 AVENUE ANATOLE FRANCE;93600;AULNAY-SOUS-BOIS;93;48.9403544,2.4964674
2011;Subventions spécifiques de fonctionnement;AU SUD DU NORD (Musiques Actuelles 2011);AU SUD DU NORD;Association loi 1901 et assimilées (fondations, ONG …);Commission permanente du 7 juillet 2011;12000;ESSONNE;12000;100,00%;8  RUE DES VALLEES;91590;BOISSY LE CUTTE;91;48.4693962,2.2832339
2012;Subventions spécifiques de fonctionnement;"CENTRE EUROPEEN POUR L'ECHANGE MUSICAL  AIDE FESTIVAL MUSIQUES ACTUELLES ""AULNAY ALL BLUES""";CEEM CENTRE EUROPEEN POUR L'ECHANGE MUSICAL;Association loi 1901 et assimilées (fondations, ONG …);Commission permanente du 11 octobre 2012;10000;AULNAY-SOUS-BOIS;10000;100,00%;134 RUE ANANTOLE FRANCE;93600;AULNAY-SOUS-BOIS;93;48.9403544,2.4964674
2012;Subventions spécifiques de fonctionnement;FESTIVAL AU FIL DES VOIX - LE RENDEZ VOUS DES MUSIQUES DU MONDE (aide au festival, nouvelle demande 2012);FESTIVAL AU FIL DES VOIX - LE RENDEZ VOUS DES MUSIQUES DU MONDE;Association loi 1901 et assimilées (fondations, ONG …);Commission permanente du 11 octobre 2012;10000;DEPARTEMENT DE PARIS;10000;100,00%;23 RUE DES FONTAINES DU TEMPLE;75003;PARIS;75;48.8658089,2.358148
2012;Subventions spécifiques de fonctionnement;SASKWASH RENOUVELLEMENT AIDE FESTIVAL  2012;SASKWASH;Association loi 1901 et assimilées (fondations, ONG …);Commission permanente du 29 mars 2012;9000;ESSONNE;9000;100,00%;ESPACE DES ASSOCIATIONS;91150;ETAMPES;91;48.434416,2.16142
2012;Subventions spécifiques de fonctionnement;ASSOCIATION SONS D'HIVER (CP JUILLET 2012);ASSOCIATION SONS D'HIVER;Association loi 1901 et assimilées (fondations, ONG …);Commission permanente du 12 juillet 2012;95000;REGION ILE DE FRANCE;95000;100,00%;Domaine Chérioux;94407;VITRY S/SEINE CEDEX;94;48.777037,2.367762
2012;Subventions spécifiques de fonctionnement;ASSOCIATION LA RUCHE (CP JUILLET 2012);ASSOCIATION LA RUCHE;Association loi 1901 et assimilées (fondations, ONG …);Commission permanente du 12 juillet 2012;4000;VAL D'OISE;4000;100,00%;MAISON DE QUARTIER;95800;CERGY;95;49.0489899,2.0165313
2013;Subventions spécifiques de fonctionnement;"JAZZ EN PAYS FERTOIS   FESTIVAL ""FERTE JAZZ"" RENOUVELLEMENT";JAZZ EN PAYS FERTOIS;Association loi 1901 et assimilées (fondations, ONG …);Commission permanente du 4 avril 2013;15000;LA FERTE-SOUS-JOUARRE;15000;100,00%;9 RUE DU 103EME REGIMENT INFANT;77138;LUZANCY;77;48.972669,3.187653
2013;Subventions spécifiques de fonctionnement;"ESPACE PREVERT ANIMATION -  FESTIVAL ""LES ENFANTS DU FOLK""- RENOUVELLEMENT";ESPACE PREVERT ANIMATION;Association loi 1901 et assimilées (fondations, ONG …);Commission permanente du 23 janvier 2013;4000;SAVIGNY-LE-TEMPLE;4000;100,00%;AV CHARLES DE GAULLE;77176;SAVIGNY LE TEMPLE;77;48.6033016,2.5685677
2013;Subventions spécifiques de fonctionnement;JAZZONOTES (FESTIVAL BOSSA NOVA - NOUVELLE DEMANDE 2013);ASSOCIATION JAZZONOTES;Association loi 1901 et assimilées (fondations, ONG …);Commission permanente du 17 octobre 2013;8000;THIAIS;8000;100,00%;4 SQUARE DU GASSELET;94320;THIAIS;94;48.7557538,2.4010894
2013;Subventions spécifiques de fonctionnement;FESTIVAL AU FIL DES VOIX - LE RENDEZ VOUS DES MUSIQUES DU MONDE;FESTIVAL AU FIL DES VOIX - LE RENDEZ VOUS DES MUSIQUES DU MONDE;Association loi 1901 et assimilées (fondations, ONG …);Commission permanente du 4 avril 2013;10000;VILLE DE PARIS;10000;100,00%;23 RUE DES FONTAINES DU TEMPLE;75003;PARIS;75;48.8658089,2.358148
2014;Subventions spécifiques de fonctionnement;AUBERCAIL ASSOCIATION - FESTIVAL AUBERCAIL RENOUVELLEMENT 2014;AUBERCAIL ASSOCIATION;Association loi 1901 et assimilées (fondations, ONG …);Commission permanente du 10 avril 2014;35000;AUBERVILLIERS;35000;100,00%;135-153 RUE DANIELLE CASANOVA;93300;AUBERVILLIERS;93;48.9163647,2.3979455
2014;Subventions spécifiques de fonctionnement;COMMUNE DE MAGNY LES HAMEAUX - FESTIVAL A BOUT DE CHANT  RENOUVELLEMENT 2014;COMMUNE DE MAGNY LES HAMEAUX;Communes;Commission permanente du 10 avril 2014;10000;MAGNY-LES-HAMEAUX;10000;100,00%;1   PL  PIERRE BEREGOVOY;78470;MAGNY LES HAMEAUX;78;48.7246508,2.083532
2014;Subventions spécifiques de fonctionnement;ASSOCIATION SONS D'HIVER (FESTIVAL SONS D'HIVER - RENOUVELLEMENT 2014);ASSOCIATION SONS D'HIVER;Association loi 1901 et assimilées (fondations, ONG …);Commission permanente du 18 juin 2014;95000;REGION ILE DE FRANCE;95000;100,00%;DOMAINE CHERIOUX;94407;VITRY S/SEINE CEDEX;94;48.779019,2.367365
2014;Subventions spécifiques de fonctionnement;ASSOCE KIPIK FESTIVAL SUR LES POINTES - RENOUVELLEMENT 2014;ASSOCE KIPIK;Association loi 1901 et assimilées (fondations, ONG …);Commission permanente du 10 avril 2014;7000;VAL DE MARNE;7000;100,00%;39 RUE HENRI DE VILMORIN;94400;VITRY-SUR-SEINE;94;48.7944866,2.3880746
2014;Subventions spécifiques de fonctionnement;BLUES SUR SEINE (FESTIVAL BLUES SUR SEINE - RENOUVELLEMENT 2014);BLUES SUR SEINE;Association loi 1901 et assimilées (fondations, ONG …);Commission permanente du 18 juin 2014;25000;YVELINES;25000;100,00%;28 RUE DE LORRAINE;78200;MANTES-LA-JOLIE;78;48.9877411,1.7134257
2011;Subventions spécifiques de fonctionnement;FESTIVAL SONS D'HIVER 21ème édition - DEMANDE EN RENOUVELLEMENT;ASSOCIATION SONS D'HIVER;Association loi 1901 et assimilées (fondations, ONG …);Commission permanente du 20 octobre 2011;85000;VAL DE MARNE;85000;100,00%;Domaine Chérioux;94407;VITRY S/SEINE CEDEX;94;48.777037,2.367762
2012;Subventions spécifiques de fonctionnement;ACCUEIL LOISIRS CULTURE (CP JUILLET 2012);ALC ACCUEIL LOISIRS CULTURE;Association loi 1901 et assimilées (fondations, ONG …);Commission permanente du 12 juillet 2012;3000;CHEVREUSE;3000;100,00%;RUE DU VIEUX CIMETIERE;78460;CHEVREUSE;78;48.7085358,2.0389383
2012;Subventions spécifiques de fonctionnement;MAMA (CP JUILLET 2012);MAMA;Entreprises et professions libérales;Commission permanente du 12 juillet 2012;100000;DEPARTEMENT DE PARIS;100000;100,00%;22 RUE HENRI SELLIER;75019;PARIS;75;48.8679909,2.226363
2012;Subventions spécifiques de fonctionnement;LES MOLIERES EVENEMENTS- FESTIVAL 6 HEURES DE JAZZ NOUVELLE DEMANDE(CP JUILLET 2012);LES MOLIERES EVENEMENTS;Association loi 1901 et assimilées (fondations, ONG …);Commission permanente du 12 juillet 2012;4000;LES MOLIERES;4000;100,00%;PLACE DE LA MAIRIE;91470;LES MOLIERES;91;48.6729291,2.0688272
2012;Subventions spécifiques de fonctionnement;VILLE DE MAGNY LES HAMEAUX- FESTIVAL MUSIQUES ACTUELLES A BOUT DE CHANT (NOUVELLE AIDE 2012);COMMUNE DE MAGNY LES HAMEAUX;Communes;Commission permanente du 29 mars 2012;10000;MAGNY-LES-HAMEAUX;10000;100,00%;1   PL  PIERRE BEREGOVOY;78470;MAGNY LES HAMEAUX;78;48.7236637,2.0832395
2012;Subventions spécifiques de fonctionnement;LA NUIT DES MUSICIENS (CP JUILLET 2012);LA NUIT DES MUSICIENS;Association loi 1901 et assimilées (fondations, ONG …);Commission permanente du 12 juillet 2012;6000;VILLE DE PARIS;6000;100,00%;51 RUE DE LA REVOLUTION;93100;MONTREUIL;93;48.8536939,2.4285322
2013;Subventions spécifiques de fonctionnement;"ONZE HEURES ONZE "" FESTIVAL ONZE HEURES ONZE "" Renouvellement 2013";ONZE HEURES ONZE;Association loi 1901 et assimilées (fondations, ONG …);Commission permanente du 17 octobre 2013;4000;BRIE-COMTE-ROBERT;4000;100,00%;11 ALLEE DES COQUELICOTS;77220;TOURNAN-EN-BRIE;77;48.7440339,2.7770574
2013;Subventions spécifiques de fonctionnement;ASSOCIATION SONS D''HIVER  RENOUVELLEMENT CP JUILLET 2013;ASSOCIATION SONS D'HIVER;Association loi 1901 et assimilées (fondations, ONG …);Commission permanente du 11 juillet 2013;95000;REGION ILE DE FRANCE;95000;100,00%;Domaine Chérioux;94407;VITRY S/SEINE CEDEX;94;48.777037,2.367762
2013;Subventions spécifiques de fonctionnement;L'ESPRIT JAZZ - FESTIVAL JAZZ A ST GERMAIN DES PRES - RENOUVELLEMENT  2013;L'ESPRIT JAZZ;Association loi 1901 et assimilées (fondations, ONG …);Commission permanente du 4 avril 2013;15000;VILLE DE PARIS;15000;100,00%;19  RUE DES FRIGOS;75013;PARIS 13;75;48.831586,2.3791645
2013;Subventions spécifiques de fonctionnement;"NUIT VIVE - FESTIVAL MUSIQUES ACTUELLES ""NIGHT YOURSELF"" RENOUVELLEMENT 2013";NUIT VIVE;Association loi 1901 et assimilées (fondations, ONG …);Commission permanente du 17 octobre 2013;18000;VILLE DE PARIS;18000;100,00%;67 AV PARMENTIER;75011;PARIS;75;48.8639625,2.375494
2014;Subventions spécifiques de fonctionnement;ASSOCIATION WE LOVE GREEN (FESTIVAL WE LOVE GREEN - RENOUVELLEMENT 2014);ASSO WE LOVE GREEN;Association loi 1901 et assimilées (fondations, ONG …);Commission permanente du 18 juin 2014;25000;DEPARTEMENT DE PARIS;25000;100,00%;173-175 RUE DU FAUBOURG POISSONNIERE;75009;PARIS;75;48.8818036,2.3490174
2014;Subventions spécifiques de fonctionnement;ACCUEIL LOISIRS CULTURE (FESTIVAL  MAGNIFIK - RENOUVELLEMENT 2014);ALC ACCUEIL LOISIRS CULTURE;Association loi 1901 et assimilées (fondations, ONG …);Commission permanente du 18 juin 2014;3000;CHEVREUSE;3000;100,00%;RUE DU VIEUX CIMETIERE;78460;CHEVREUSE;78;48.7085358,2.0389383
2014;Subventions spécifiques de fonctionnement;COMITE ORGANISATION FESTIVAL DES PUCES - FESTIVAL JAZZ MUSETTE DES PUCES - RENOUVELLEMENT 2014;COMITE ORGANISATION FES TIVAL DES PUCES;Association loi 1901 et assimilées (fondations, ONG …);Commission permanente du 10 avril 2014;17000;DEPARTEMENT DE PARIS;17000;100,00%;80  AV  GABRIEL PERI;93400;ST OUEN;93;48.9060701,2.3313777
2014;Subventions spécifiques de fonctionnement;"ONZE HEURES ONZE "" FESTIVAL ONZE HEURES ONZE "" Renouvellement 2014";ONZE HEURES ONZE;Association loi 1901 et assimilées (fondations, ONG …);Commission permanente du 17 octobre 2014;4000;BRIE-COMTE-ROBERT;4000;100,00%;11 ALLEE DES COQUELICOTS;77220;TOURNAN-EN-BRIE;77;48.7433187,2.7756214
2014;Subventions spécifiques de fonctionnement;DUKE FESTIVAL (PROVINS DUKE FESTIVAL - NOUVELLE DEMANDE 2014);DUKEFEST DUKE FESTIVAL;Association loi 1901 et assimilées (fondations, ONG …);Commission permanente du 18 juin 2014;8000;SEINE ET MARNE;8000;100,00%;14 RUE PARMENTIER;92140;CLAMART;92;48.810149,2.2731721
2014;Subventions spécifiques de fonctionnement;SURPRIZE (WEATHER FESTIVAL - RENOUVELLEMENT 2014);SURPRIZE;Entreprises;Commission permanente du 10 avril 2014;15000;DEPARTEMENT DE PARIS;15000;100,00%;10 PASSAGE DUBAIL;75010;PARIS;75;48.8738957,2.3592689
2014;Subventions spécifiques de fonctionnement;"Copie du dossier ""12020810"" (ESPACE PREVERT ANIMATION -  FESTIVAL ""LES ENFANTS DU FOLK""- RENOUVELLEMENT)";ESPACE PREVERT ANIMATION;Association loi 1901 et assimilées (fondations, ONG …);Commission permanente du 10 avril 2014;4000;SAVIGNY-LE-TEMPLE;4000;100,00%;AV CHARLES DE GAULLE;77176;SAVIGNY LE TEMPLE;77;48.6033016,2.5685677
2014;Subventions spécifiques de fonctionnement;GROUPE VENDOME ORGANISATION - FESTIVAL MARVELLOUS ISLAND - RENOUVELLEMENT 2014;GROUPE VENDOME ORGANISATION VENDOME EVENEMENT GALA EVENEMENT;Entreprises;Commission permanente du 10 avril 2014;10000;DEPARTEMENT DE PARIS;10000;100,00%;33 RUE DES JEUNEURS;75002;PARIS;75;48.8694484,2.3439694
2014;Subventions spécifiques de fonctionnement;KIOSQUORAMA (FESTIVAL KIOSQUORAMA - RENOUVELLEMENT 2014);KIOSQUORAMA;Association loi 1901 et assimilées (fondations, ONG …);Commission permanente du 18 juin 2014;9000;REGION ILE DE FRANCE;9000;100,00%;12-14 RUE OLIVIER METRA;75020;PARIS 20;75;48.8722922,2.3951498
2014;Subventions spécifiques de fonctionnement;BOLONDOKHAZA FESTIVAL TAPAROLE - RENOUVELLEMENT 2014;BOLONDOKHAZA;Association loi 1901 et assimilées (fondations, ONG …);Commission permanente du 10 avril 2014;10000;MONTREUIL;10000;100,00%;77 RUE JULES AUFFRET;93500;PANTIN;93;48.8845584,2.411354
2011;Subventions spécifiques de fonctionnement;MAMA (Musiques Actuelles 2011);MAMA;Entreprises et professions libérales;Commission permanente du 7 juillet 2011;100000;DEPARTEMENT DE PARIS;100000;100,00%;22 RUE HENRI SELLIER;75019;PARIS;75;48.8679909,2.226363
2012;Subventions spécifiques de fonctionnement;HIP HOP CITOYENS- FESTIVAL PARIS HIP HOP (RENOUVELLEMENT);HIP HOP CITOYENS;Association loi 1901 et assimilées (fondations, ONG …);Commission permanente du 29 mars 2012;120000;REGION ILE DE FRANCE;120000;100,00%;8 BOULEVARD DE MENILMONTANT;75020;PARIS 20;75;48.8587178,2.3897185
2012;Subventions spécifiques de fonctionnement;"GRAINES DE SWING "" festival arts et swing""";GRAINES DE SWING;Association loi 1901 et assimilées (fondations, ONG …);Commission permanente du 29 mars 2012;2000;SAINT-LEU-LA-FORET;2000;100,00%;19 SENTE DES NEAUX;95320;SAINT-LEU-LA-FORET;95;49.019157,2.247531
2012;Subventions spécifiques de fonctionnement;FESTIVAL DJANGO REINHARDT  (RENOUVELLEMENT);FESTIVAL DJANGO REINHARDT;Association loi 1901 et assimilées (fondations, ONG …);Commission permanente du 29 mars 2012;27500;SAMOIS-SUR-SEINE;27500;100,00%;5 RUE VICTOR CHEVIN;77920;SAMOIS S/SEINE;77;48.4519672,2.7497553
2012;Subventions spécifiques de fonctionnement;TOUCHES DE JAZZ (CP JUILLET 2012);TOUCHES DE JAZZ;Association loi 1901 et assimilées (fondations, ONG …);Commission permanente du 12 juillet 2012;3000;YVELINES;3000;100,00%;PLACE DU 8 MAI 1945;78650;BEYNES;78;48.855911,1.8753182
2012;Subventions spécifiques de fonctionnement;L'ESTIVAL ST GERMAIN EN LAYE - FESTIVAL DES MUSIQUES (nouvelle demande 2012);L'ESTIVAL ST GERMAIN EN LAYE;Association loi 1901 et assimilées (fondations, ONG …);Commission permanente du 12 juillet 2012;10000;YVELINES;10000;100,00%;4 rue Giraud Teulon;78100;ST GERMAIN EN LAYE;78;48.8934985,2.0968678
2013;Subventions spécifiques de fonctionnement;CENTRE D'ART ET CULTURE (JAZZ'N'KLEZMER - NOUVELLE DEMANDE 2013);CAC CENTRE D'ART ET CULTURE RUE BROCA;Association loi 1901 et assimilées (fondations, ONG …);Commission permanente du 17 octobre 2013;10000;DEPARTEMENT DE PARIS;10000;100,00%;39 RUE BROCA;75005;PARIS;75;48.8379284,2.3478231
2013;Subventions spécifiques de fonctionnement;LES MOLIERES EVENEMENTS (LES 6 HEURES DU JAZZ - RENOUVELLEMENT 2013);LES MOLIERES EVENEMENTS;Association loi 1901 et assimilées (fondations, ONG …);Commission permanente du 30 mai 2013;3000;ESSONNE;3000;100,00%;PLACE DE LA MAIRIE;91470;LES MOLIERES;91;48.6729291,2.0688272
2013;Subventions spécifiques de fonctionnement;COMMUNE DE MAGNY LES HAMEAUX - FESTIVAL A BOUT DE CHANT  RENOUVELLEMENT 2013;COMMUNE DE MAGNY LES HAMEAUX;Communes;Commission permanente du 4 avril 2013;10000;MAGNY-LES-HAMEAUX;10000;100,00%;1   PL  PIERRE BEREGOVOY;78470;MAGNY LES HAMEAUX;78;48.7236637,2.0832395
2013;Subventions spécifiques de fonctionnement;LA FABRICA''SON  - FESTIVA SON  RENOUVELLEMENT 2013;LA FABRICA'SON;Association loi 1901 et assimilées (fondations, ONG …);Commission permanente du 17 octobre 2013;3000;MALAKOFF;3000;100,00%;28 RUE VICTOR HUGO;92240;MALAKOFF;92;48.8223664,2.3058331
2013;Subventions spécifiques de fonctionnement;FESTIVAL DJANGO REINHARDT RENOUVELLEMENT 2013;FESTIVAL DJANGO REINHARDT;Association loi 1901 et assimilées (fondations, ONG …);Commission permanente du 4 avril 2013;27500;SAMOIS-SUR-SEINE;27500;100,00%;5 RUE VICTOR CHEVIN;77920;SAMOIS S/SEINE;77;48.4519672,2.7497553
2013;Subventions spécifiques de fonctionnement;A QUI LE TOUR (FEST'IN GRANGE - NOUVELLE DEMANDE 2013);A QUI LE TOUR;Association loi 1901 et assimilées (fondations, ONG …);Commission permanente du 17 octobre 2013;6000;VAL D'OISE;6000;100,00%;PLACE DE LA MAIRIE;95440;ECOUEN;95;49.0185038,2.3786463
2013;Subventions spécifiques de fonctionnement;HIP HOP CITOYENS  FESTIVAL PARIS HIP HOP RENVOUELLEMENT 2013;HIP HOP CITOYENS;Association loi 1901 et assimilées (fondations, ONG …);Commission permanente du 4 avril 2013;100000;VILLE DE PARIS;100000;100,00%;8 BOULEVARD DE MENILMONTANT;75020;PARIS 20;75;48.8587178,2.3897185
2014;Subventions spécifiques de fonctionnement;PARIS JAZZ CLUB (FESTIVAL JAZZ SUR SEINE - NOUVELLE DEMANDE 2014);PARIS JAZZ CLUB;Association loi 1901 et assimilées (fondations, ONG …);Commission permanente du 18 juin 2014;8000;REGION ILE DE FRANCE;8000;100,00%;39 RUE DES LOMBARDS;75001;PARIS;75;48.8598229,2.3474897
2014;Subventions spécifiques de fonctionnement;HIP HOP CITOYENS  FESTIVAL PARIS HIP HOP RENVOUELLEMENT 2014;HIP HOP CITOYENS;Association loi 1901 et assimilées (fondations, ONG …);Commission permanente du 10 avril 2014;100000;VILLE DE PARIS;100000;100,00%;8 BOULEVARD DE MENILMONTANT;75020;PARIS 20;75;48.8587178,2.3897185
2014;Subventions spécifiques de fonctionnement;LA FABRICA'SON  - FESTIVA SON  RENOUVELLEMENT 2014;LA FABRICA'SON;Association loi 1901 et assimilées (fondations, ONG …);Commission permanente du 17 octobre 2014;3000;MALAKOFF;3000;100,00%;28 RUE VICTOR HUGO;92240;MALAKOFF;92;48.8223664,2.3058331
2011;Subventions spécifiques de fonctionnement;MJC CONFLANS STE HONORIN MAISON JEUNES & CULTURE (nouvelle demande 2011);MJC CONFLANS STE HONORIN MAISON JEUNES & CULTURE;Association loi 1901 et assimilées (fondations, ONG …);Commission permanente du 7 juillet 2011;5000;CONFLANS-SAINTE-HONORINE;5000;100,00%;AV  DU PONT;78700;CONFLANS STE HONORINE;78;48.990795,2.0817979
2012;Subventions spécifiques de fonctionnement;FESTIVAL AUBERCAIL (RENOUVELLEMENT);AUBERCAIL ASSOCIATION;Association loi 1901 et assimilées (fondations, ONG …);Commission permanente du 29 mars 2012;35000;AUBERVILLIERS;35000;100,00%;135-153 RUE DANIELLE CASANOVA;93300;AUBERVILLIERS;93;48.9163647,2.3979455
2012;Subventions spécifiques de fonctionnement;ASSO WE LOVE GREEN (CP JUILLET 2012);ASSO WE LOVE GREEN;Association loi 1901 et assimilées (fondations, ONG …);Commission permanente du 12 juillet 2012;20000;DEPARTEMENT DE PARIS;20000;100,00%;173-175 RUE DU FAUBOURG POISSONNIERE;75009;PARIS;75;48.881951,2.3496411
2012;Subventions spécifiques de fonctionnement;COMMUNE D'ECOUEN - FESTIVAL DES JEUNES POUSSES (aide au festival, nouvelle demande 2012);COMMUNE D'ECOUEN;Communes;Commission permanente du 11 octobre 2012;6000;ECOUEN;6000;100,00%;PLACE DE LA MAIRIE;95440;ECOUEN;95;49.0185038,2.3786463
2012;Subventions spécifiques de fonctionnement;KIOSQUORAMA ECO FESTIVAL MUSICAL 4è EDITION (RENOUVELLEMENT AIDE);KIOSQUORAMA;Association loi 1901 et assimilées (fondations, ONG …);Commission permanente du 29 mars 2012;10000;REGION ILE DE FRANCE;10000;100,00%;12-14 RUE OLIVIER METRA;75020;PARIS 20;75;48.8722255,2.394994
2013;Subventions spécifiques de fonctionnement;ASSOCIATION ZULUBERLUS - LES ETATS MUSICAUX (FESTIVAL MUSIQUES ACTUELLES NOUVELLE DEMANDE 2013);ASSOCIATION ZULUBERLUS;Association loi 1901 et assimilées (fondations, ONG …);Commission permanente du 4 avril 2013;7000;COLOMBES;7000;100,00%;3 RUE ST DENIS;92700;COLOMBES;92;48.9237477,2.25889
2013;Subventions spécifiques de fonctionnement;COMITE ORGANISATION FESTIVAL DES PUCES (FESTIVAL JAZZ MUSETTE DES PUCES - RENOUVELLEMENT 2013);COMITE ORGANISATION FES TIVAL DES PUCES;Association loi 1901 et assimilées (fondations, ONG …);Commission permanente du 30 mai 2013;17000;DEPARTEMENT DE PARIS;17000;100,00%;80  AV  GABRIEL PERI;93400;ST OUEN;93;48.9059693,2.3317738
2013;Subventions spécifiques de fonctionnement;MAMA CP JUILLET 2013 RENOUVELLEMENT;MAMA;Entreprises et professions libérales;Commission permanente du 11 juillet 2013;120000;DEPARTEMENT DE PARIS;120000;100,00%;22 RUE HENRI SELLIER;75019;PARIS;75;48.8679909,2.226363
2013;Subventions spécifiques de fonctionnement;AU SUD DU NORD (17EME FESTIVAL AU SUD DU NORD - RENOUVELLEMENT 2013);AU SUD DU NORD;Association loi 1901 et assimilées (fondations, ONG …);Commission permanente du 30 mai 2013;13000;ESSONNE;13000;100,00%;8  RUE DES VALLEES;91590;BOISSY LE CUTTE;91;48.4693962,2.2832339
2013;Subventions spécifiques de fonctionnement;DUKE FESTIVAL (PROVINS DUKE FESTIVAL - NOUVELLE DEMANDE 2013);DUKEFEST DUKE FESTIVAL;Association loi 1901 et assimilées (fondations, ONG …);Commission permanente du 11 juillet 2013;8000;SEINE ET MARNE;8000;100,00%;14 RUE PARMENTIER;92140;CLAMART;92;48.810149,2.2731721
2014;Subventions spécifiques de fonctionnement;JAZZ AU FIL DE L''OISE (FESTIVAL JAZZ AU FIL DE L''OISE - RENOUVELLEMENT 2014);JAZZ AU FIL DE L'OISE;Association loi 1901 et assimilées (fondations, ONG …);Commission permanente du 18 juin 2014;15000;VAL D'OISE;15000;100,00%;MAISON DE L'ILE;95430;AUVERS S/OISE;95;49.071144,2.172016
2014;Subventions spécifiques de fonctionnement;AFRICOLOR - FESTIVAL AFRICOLOR - RENOUVELLEMENT 2014;AFRICOLOR;Association loi 1901 et assimilées (fondations, ONG …);Commission permanente du 18 juin 2014;21000;REGION ILE DE FRANCE;21000;100,00%;14 RUE DE CHARTRES;75018;PARIS;75;48.8845598,2.3546397
2014;Subventions spécifiques de fonctionnement;L'ESPRIT JAZZ - FESTIVAL JAZZ A ST GERMAIN DES PRES - RENOUVELLEMENT  2014;L'ESPRIT JAZZ;Association loi 1901 et assimilées (fondations, ONG …);Commission permanente du 10 avril 2014;15000;VILLE DE PARIS;15000;100,00%;19  RUE DES FRIGOS;75013;PARIS 13;75;48.831586,2.3791645
2014;Subventions spécifiques de fonctionnement;ASSOCIATION PREMIER DRAGON (FESTIVAL UN AIR DE VOYAGE - RENOUVELLEMENT 2014);ASSOCIATION PREMIER DRAGON;Association loi 1901 et assimilées (fondations, ONG …);Commission permanente du 18 juin 2014;7000;VAL D'OISE;7000;100,00%;12 ALLEE DES PETITS PAINS;95800;CERGY;95;49.0477032,2.0341873
